
INSERT INTO client (id, name, client_type_fk) VALUES -- тут добавить потом фк на информацию о клиенте
	(1, 'Lolov Lol Lolovish', 1),
	(2, 'Kekov Kek Kekovich', 2),
	(3, 'Chillov Chill Chillovich', 3),
	(4, 'Cringev Cringe Cringevich', 1);


INSERT INTO employee (id, name, inn, birth_date, sex, employment_date, salary, employee_role_fk) VALUES
	(1, 'Vasya', '100000000000', '2000-01-01', 'M', '2018-01-01', '100000', 1),
	(2, 'Misha', '200000000000', '2000-01-02', 'M', '2018-01-02', '200000', 2), --
	(3, 'Stas', '300000000000', '2000-01-03', 'M', '2018-01-03', '300000', 3), --
	(4, 'Anna', '400000000000', '2000-01-04', 'F', '2018-01-04', '400000', 4),
	(5, 'Lyosha', '500000000000', '2000-01-05', 'M', '2018-01-05', '500000', 1),
	(6, 'Lika', '600000000000', '2000-01-06', 'F', '2018-01-06', '600000', 2), --
	(7, 'Dima', '700000000000', '2000-01-07', 'M', '2018-01-07', '700000', 3), --
	(8, 'Rita', '800000000000', '2000-01-08', 'F', '2018-01-08', '800000', 4),
	(9, 'Lyosha NEW', '900000000000', '2000-01-05', 'M', '2018-01-05', '500000', 2), --
	(10, 'Lika NEW', '110000000000', '2000-01-06', 'F', '2018-01-06', '600000', 3), --
	(11, 'Dima NEW', '120000000000', '2000-01-07', 'M', '2018-01-07', '700000', 2), --
	(12, 'Rita NEW', '130000000000', '2000-01-08', 'F', '2018-01-08', '800000', 3); --


INSERT INTO bank (id, name, address, bik, correspondent_account) VALUES
	(1, 'ЖЕЛТЫЙ БАНК', 'МОСКВА', '100000000', '10000000000000000000'),
	(2, 'ЗЕЛЕНЫЙ БАНК', 'ПИТЕР', '200000000', '20000000000000000000'),
	(3, 'СИНИЙ БАНК', 'ЕКБ', '300000000', '30000000000000000000'),
	(4, 'КРАСНЫЙ БАНК', 'КАЗАНЬ', '400000000', '40000000000000000000');


INSERT INTO bank_account (id, number, bank_fk, client_fk) VALUES
	(1, '10000000000000000101', 1, 1),
	(2, '10000000000000000201', 2, 2),
	(3, '10000000000000000202', 3, 2),
	(12, '10000000000000000301', 4, 3),
	(13, '10000000000000000302', 1, 3),
	(14, '10000000000000000303', 2, 3);


INSERT INTO bank_account (id, number, bank_fk, employee_fk) VALUES
	(4, '10000000000000000004', 1, 1),
	(5, '10000000000000000005', 2, 2),
	(6, '10000000000000000006', 3, 3),
	(7, '10000000000000000007', 4, 4),
	(8, '10000000000000000008', 1, 5),
	(9, '10000000000000000009', 2, 6),
	(10, '10000000000000000010', 3, 7),
	(11, '10000000000000000011', 4, 8);


INSERT INTO service (id, name) VALUES 
	(1, 'ОФОРМЛЕНИЕ КВАДРАТНОГО ДОКУМЕНТА'),
	(2, 'ОФОРМЛЕНИЕ ПРЯМОУГОЛЬНОГО ДОКУМЕНТА'),
	(3, 'ОФОРМЛЕНИЕ КРУГЛОГО ДОКУМЕНТА'),
	(4, 'ОФОРМЛЕНИЕ ТРЕУГОЛЬНОГО ДОКУМЕНТА'),
	(5, 'ОФОРМЛЕНИЕ ОВАЛЬНОГО ДОКУМЕНТА'),
	(6, 'ОФОРМЛЕНИЕ ЭЛЛИПТИЧЕСКОГО ДОКУМЕНТА'),
	(7, 'ОФОРМЛЕНИЕ ГИПЕРБОЛИЧЕСКОГО ДОКУМЕНТА'),
	(8, 'ОФОРМЛЕНИЕ ПАРАБОЛИЧЕСКОГО ДОКУМЕНТА');



INSERT INTO price_list (id, client_type_fk, created_date, admin_fk, base_price) VALUES
	(1, 1, '2023-01-01', 1, 5000),
	(2, 2, '2023-01-01', 1, 20000),
	(3, 3, '2023-01-01', 1, 100000),
	(4, 1, '2023-02-01', 1, 5000),
	(5, 2, '2023-02-01', 1, 20000),
	(6, 3, '2023-02-01', 1, 100000);
SELECT setval('price_list_id_seq', 6);


INSERT INTO price_list_service (price_list_fk, service_fk, price) VALUES
	(1, 1, 100),
	(1, 2, 200),
	(1, 3, 300),
	(2, 1, 1000),
	(2, 2, 2000),
	(2, 3, 3000),
	(3, 1, 10000),
	(3, 2, 20000),
	(3, 3, 30000),
	(4, 1, 200),
	(4, 2, 400),
	(4, 3, 600),
	(5, 1, 2000),
	(5, 2, 4000),
	(5, 3, 6000),
	(6, 1, 20000),
	(6, 2, 40000),
	(6, 3, 60000);

